중점_위도,중점_경도,경사각,최근접_시설의_평균거리,열선여부,원본여부,최적모델_예측값
37.56010705,127.09505165,12.405795309435346,277.5445216690485,0.0,1,1.0
37.55897675,127.09264475,9.39122197632076,138.45262685874067,0.0,1,1.0
37.56348805,127.08868005,9.013829598523683,94.97276048785288,0.0,1,1.0
37.5693332,127.0864902,9.665642051239171,218.94728245176543,0.0,1,1.0
37.5672517,127.0895274,10.340898272512682,214.9144661640129,0.0,1,1.0
37.567704899999995,127.0892449,10.409572896822842,205.82277832313645,0.0,1,1.0
37.56866725,127.0874697,10.84765056901887,208.35031305640956,0.0,1,1.0
37.57081425,127.08700785,19.886566096703408,369.2256182155355,0.0,1,1.0
37.5672517,127.0895274,10.340898272512682,214.9144661640129,0.0,1,1.0
37.5673358,127.08886935,9.104551921907948,161.6441634187387,0.0,1,1.0
37.56727065,127.08706835,11.984783285341624,103.66628580133708,0.0,1,1.0
37.56367935,127.08830215,11.990485769811269,116.23857695469236,0.0,1,1.0
37.56348805,127.08868005,9.013829598523683,94.97276048785288,0.0,1,1.0
37.56783115,127.08852365,12.882465840216142,175.29435572196545,0.0,1,1.0
37.56752825,127.0882062,8.017898698631207,142.0748598996559,0.0,1,1.0
37.5623559,127.08846165,9.369675708980424,140.0232470170564,0.0,1,1.0
37.56308035,127.08801715,9.113638494628598,123.43338686970088,0.0,1,1.0
37.5627897,127.08807295,11.25717734327389,129.52817071040798,0.0,1,1.0
37.5624579,127.08813665,10.981311063199474,144.46297834583436,0.0,1,1.0
37.5623559,127.08846165,9.369675708980424,140.0232470170564,0.0,1,1.0
37.56122105,127.0892465,10.440295595295474,231.69285410704163,0.0,1,1.0
37.56098325,127.0898844,10.343079867218064,216.14100887549367,0.0,1,1.0
37.56122105,127.0892465,10.440295595295474,231.69285410704163,0.0,1,1.0
37.56098325,127.0898844,10.343079867218064,216.14100887549367,0.0,1,1.0
37.5601154,127.0917387,7.809320753140218,154.7500605598396,0.0,1,1.0
37.5593071,127.09274835,19.096102350490504,153.7370644735666,0.0,1,1.0
37.55897675,127.09264475,9.39122197632076,138.45262685874067,0.0,1,1.0
37.5593071,127.09274835,19.096102350490504,153.7370644735666,0.0,1,1.0
37.5598547,127.09189865,11.630310697914725,136.55923888650736,0.0,1,1.0
37.55764075,127.0932475,8.891911583088117,184.89879684063104,0.0,1,1.0
37.55764075,127.0932475,8.891911583088117,184.89879684063104,0.0,1,1.0
37.5537651,127.09473985,8.135006592176202,172.32688232529944,0.0,1,1.0
37.5545105,127.09497605,10.251152612583567,219.2029591200729,0.0,1,1.0
37.5545105,127.09497605,10.251152612583567,219.2029591200729,0.0,1,1.0
37.5534914,127.09544195,11.701864799202294,192.3789029441933,0.0,1,1.0
37.5601154,127.0917387,7.809320753140218,154.7500605598396,0.0,1,1.0
37.54973405,127.09301025,14.03433867708295,291.7541353179617,0.0,1,1.0
37.54942,127.09299245,13.248766600246134,312.55147562888453,0.0,1,1.0
37.54973405,127.09301025,14.03433867708295,291.7541353179617,0.0,1,1.0
37.54984355,127.09290805,15.783107243884652,281.9577209167279,0.0,1,1.0
37.54997615,127.0925914,13.132971733512283,267.0455317092869,0.0,1,1.0
37.54984355,127.09290805,15.783107243884652,281.9577209167279,0.0,1,1.0
37.54997615,127.0925914,13.132971733512283,267.0455317092869,0.0,1,1.0
37.5537651,127.09473985,8.135006592176202,172.32688232529944,0.0,1,1.0
37.56010705,127.09505165,12.405795309435346,277.5445216690485,0.0,1,1.0
37.5601388,127.09597095,13.502443285009573,322.69535992473186,0.0,1,1.0
37.56866725,127.0874697,10.84765056901887,208.35031305640956,0.0,1,1.0
37.56899715,127.08685395,9.488500482667344,206.1189920761424,0.0,1,1.0
37.56727065,127.08706835,11.984783285341624,103.66628580133708,0.0,1,1.0
37.57081425,127.08700785,19.886566096703408,369.2256182155355,0.0,1,1.0
37.5693332,127.0864902,9.665642051239171,218.94728245176543,0.0,1,1.0
37.56899715,127.08685395,9.488500482667344,206.1189920761424,0.0,1,1.0
37.56367935,127.08830215,11.990485769811269,116.23857695469236,0.0,1,1.0
37.5624579,127.08813665,10.981311063199474,144.46297834583436,0.0,1,1.0
37.5627897,127.08807295,11.25717734327389,129.52817071040798,0.0,1,1.0
37.56308035,127.08801715,9.113638494628598,123.43338686970088,0.0,1,1.0
37.56173555,127.0891412,10.8401675614869,185.83807991941416,0.0,1,1.0
37.5534914,127.09544195,11.701864799202294,192.3789029441933,0.0,1,1.0
37.56173555,127.0891412,10.8401675614869,185.83807991941416,0.0,1,1.0
37.5598547,127.09189865,11.630310697914725,136.55923888650736,0.0,1,1.0
37.56752825,127.0882062,8.017898698631207,142.0748598996559,0.0,1,1.0
37.5673358,127.08886935,9.104551921907948,161.6441634187387,0.0,1,1.0
37.5675275,127.08856275,10.005834065016488,156.01503419622333,0.0,1,1.0
37.5675275,127.08856275,10.005834065016488,156.01503419622333,0.0,1,1.0
37.567704899999995,127.0892449,10.409572896822842,205.82277832313645,0.0,1,1.0
37.56762935,127.08924125,9.95256019391488,201.2389493458452,0.0,1,1.0
37.56762935,127.08924125,9.95256019391488,201.2389493458452,0.0,1,1.0
37.56783115,127.08852365,12.882465840216142,175.29435572196545,0.0,1,1.0
37.568104,127.0874598,9.960863911484893,170.841174404519,0.0,1,1.0
37.568104,127.0874598,9.960863911484893,170.841174404519,0.0,1,1.0
37.54942,127.09299245,13.248766600246134,312.55147562888453,0.0,1,1.0
37.5601388,127.09597095,13.502443285009573,322.69535992473186,0.0,1,1.0
37.53930955,127.0792086,9.71023437567482,198.00757157564368,0.0,1,1.0
37.53930955,127.0792086,9.71023437567482,198.00757157564368,0.0,1,1.0
37.56534015,127.0885666,8.774554169016232,182.80601835061088,0.0,1,1.0
37.56534015,127.0885666,8.774554169016232,182.80601835061088,0.0,1,1.0
